상품명,브랜드,소재,치수정보,색상옵션,사이즈옵션,가격,세탁법,대표이미지URL
[패키지] 하와유 락스타 맨투맨 4종 2PACK JDMT1435,FP,"cotton 72%, Polyester 28%",값없음,값없음,값없음,"정상가 93,600 원 할인적용가 할인내역 59,800 원 36%",값없음,//product-image.wconcept.co.kr/productimg/image/img0/73/303698473_GO52148.jpg
"Halterneck Twisted Top, White",Opchorrd,"A: 100% Polyester ,  B: 95% Cotton . 5% Span",값없음,값없음,값없음,"정상가 75,500 원 쿠폰적용가 할인내역 64,552 원 14%",값없음,//product-image.wconcept.co.kr/productimg/image/img0/10/303698510_QR36300.jpg
코다컬러 그래픽 테리 맨투맨 우먼 BLACK,KODAK Apparel,"폴리에스터 61%,면 39%",값없음,값없음,값없음,"정상가 119,000 원 쿠폰적용가 할인내역 71,221 원 40%",값없음,//product-image.wconcept.co.kr/productimg/image/img0/07/303698607_GK33724.jpg
Floral Print Embossed Top,iCE GARDEN,Polyester 100%,값없음,값없음,값없음,"정상가 65,000 원 쿠폰적용가 할인내역 49,400 원 24%",값없음,//product-image.wconcept.co.kr/productimg/image/img0/46/303700446_XL25486.jpg
Rustling Logo Sweatshirt _Black,ACUD,NYLON 93 POLYURETHANE 7 / POLYESTER 100,값없음,값없음,값없음,"정상가 78,000 원 쿠폰적용가 할인내역 35,568 원 54%",값없음,//product-image.wconcept.co.kr/productimg/image/img0/07/303700907_GG90154.jpg
Rustling Logo Sweatshirt _MT.Grey,ACUD,NYLON 93 POLYURETHANE 7 / POLYESTER 100,값없음,값없음,값없음,"정상가 78,000 원 쿠폰적용가 할인내역 35,568 원 54%",값없음,//product-image.wconcept.co.kr/productimg/image/img0/08/303700908_HH41203.jpg
Rustling Logo Sweatshirt _White,ACUD,NYLON 93 POLYURETHANE 7 / POLYESTER 100,값없음,값없음,값없음,"정상가 78,000 원 쿠폰적용가 할인내역 35,568 원 54%",값없음,//product-image.wconcept.co.kr/productimg/image/img0/09/303700909_HJ29706.jpg
브이넥 윈드브레이크 WH,nitina,값없음,값없음,값없음,값없음,"정상가 148,000 원 쿠폰적용가 할인내역 67,488 원 54%",세탁방법,//product-image.wconcept.co.kr/productimg/image/img0/23/303701923_NM93191.jpg
볼륨 하프집업 카라티셔츠_WH,BLUDOT,"겉감 : POLYESTER 68% , RAYON 26% , POLYURETHANE 6%",값없음,값없음,값없음,"정상가 250,000 원 쿠폰적용가 할인내역 240,000 원 4%",값없음,//product-image.wconcept.co.kr/productimg/image/img0/16/303702016_TG16319.jpg
볼륨 하프집업 카라티셔츠_BK,BLUDOT,"겉감 : POLYESTER 68% , RAYON 26% , POLYURETHANE 6%",값없음,값없음,값없음,"정상가 250,000 원 쿠폰적용가 할인내역 240,000 원 4%",값없음,//product-image.wconcept.co.kr/productimg/image/img0/20/303702020_VW17642.jpg
볼륨 하프집업 카라티셔츠_BL,BLUDOT,"겉감 : POLYESTER 68% , RAYON 26% , POLYURETHANE 6%",값없음,값없음,값없음,"정상가 250,000 원 쿠폰적용가 할인내역 240,000 원 4%",값없음,//product-image.wconcept.co.kr/productimg/image/img0/24/303702024_VR26637.jpg
tencel basic t-shirt_black,ARCHAIC,tencel 70% polyester 30%,값없음,값없음,값없음,"정상가 42,000 원 쿠폰적용가 할인내역 20,748 원 50%",값없음,//product-image.wconcept.co.kr/productimg/image/img0/31/303702031_NI84466.jpg
tencel basic t-shirt_wine,ARCHAIC,tencel 70% polyester 30%,값없음,값없음,값없음,"정상가 42,000 원 쿠폰적용가 할인내역 20,748 원 50%",값없음,//product-image.wconcept.co.kr/productimg/image/img0/35/303702035_QF41491.jpg
tencel basic t-shirt_light gray,ARCHAIC,tencel 70% polyester 30%,값없음,값없음,값없음,"정상가 42,000 원 쿠폰적용가 할인내역 20,748 원 50%",값없음,//product-image.wconcept.co.kr/productimg/image/img0/49/303702049_PE62888.jpg
tencel basic t-shirt_ivory,ARCHAIC,tencel 70% polyester 30%,값없음,값없음,값없음,"정상가 42,000 원 쿠폰적용가 할인내역 20,748 원 50%",값없음,//product-image.wconcept.co.kr/productimg/image/img0/51/303702051_QX32422.jpg
Loose fit Wool Tencel Top (Black),STEP AROUND,"Tencel 66%, Wool 28%, Span 6%",값없음,값없음,값없음,"정상가 48,000 원 쿠폰적용가 할인내역 31,008 원 35%",값없음,//product-image.wconcept.co.kr/productimg/image/img0/69/303702069_SN72244.jpg
Loose fit Wool Tencel Top (Charcoal),STEP AROUND,"Tencel 66%, Wool 28%, Span 6%",값없음,값없음,값없음,"정상가 48,000 원 쿠폰적용가 할인내역 31,008 원 35%",값없음,//product-image.wconcept.co.kr/productimg/image/img0/88/303702088_TV67213.jpg
스웩버 3559 스트라이프 오렌지 긴팔티셔츠,MAGOODGAN,상세 설명 참조,값없음,값없음,값없음,"정상가 52,000 원 쿠폰적용가 할인내역 23,712 원 54%",값없음,//product-image.wconcept.co.kr/productimg/image/img0/31/303702131_LA39354.jpg
스웩버 3559 스트라이프 그레이 긴팔티셔츠,MAGOODGAN,상세 설명 참조,값없음,값없음,값없음,"정상가 52,000 원 쿠폰적용가 할인내역 23,712 원 54%",값없음,//product-image.wconcept.co.kr/productimg/image/img0/37/303702137_KS79521.jpg
스웩버 3559 스트라이프 바이올렛 긴팔티셔츠,MAGOODGAN,상세 설명 참조,값없음,값없음,값없음,"정상가 52,000 원 쿠폰적용가 할인내역 23,712 원 54%",값없음,//product-image.wconcept.co.kr/productimg/image/img0/93/303702193_CG57707.jpg
EMBLEM LOGO SWEATSHIRT / BLACK,UNALLOYED,면 100%   COTTON 100%,값없음,값없음,값없음,"정상가 108,000 원 쿠폰적용가 할인내역 53,352 원 50%",값없음,//product-image.wconcept.co.kr/productimg/image/img0/09/303702409_OG17258.jpg
BAND LSV T SHIRT / BROWN,UNALLOYED,면 100%   COTTON 100%,값없음,값없음,값없음,"정상가 85,000 원 쿠폰적용가 할인내역 41,990 원 50%",값없음,//product-image.wconcept.co.kr/productimg/image/img0/10/303702410_GM14236.jpg
스포츠 져지 롱 슬리브 티셔츠 (라이트블루),sinkingdeeper,POLYESTER 100%,값없음,값없음,값없음,"정상가 69,000 원 쿠폰적용가 할인내역 35,397 원 48%",값없음,//product-image.wconcept.co.kr/productimg/image/img0/74/303702974_MU76437.jpg
세리프 로고 후디 (블랙),sinkingdeeper,"COTTON 60%, POLYESTER 40%",값없음,값없음,값없음,"정상가 69,000 원 쿠폰적용가 할인내역 35,397 원 48%",값없음,//product-image.wconcept.co.kr/productimg/image/img0/66/303703166_TT30581.jpg
세리프 로고 후디 (멜란지그레이),sinkingdeeper,"COTTON 60%, POLYESTER 40%",값없음,값없음,값없음,"정상가 69,000 원 쿠폰적용가 할인내역 35,397 원 48%",값없음,//product-image.wconcept.co.kr/productimg/image/img0/78/303703378_PQ54136.jpg
세리프 로고 후디 (에크루),sinkingdeeper,"COTTON 60%, POLYESTER 40%",값없음,값없음,값없음,"정상가 69,000 원 쿠폰적용가 할인내역 35,397 원 48%",값없음,//product-image.wconcept.co.kr/productimg/image/img0/47/303703447_GN34652.jpg
테이프 롱 슬리브 티셔츠 (블루),sinkingdeeper,COTTON 100%,값없음,값없음,값없음,"정상가 49,000 원 쿠폰적용가 할인내역 25,137 원 48%",값없음,//product-image.wconcept.co.kr/productimg/image/img0/26/303703526_OI33013.jpg
테이프 롱 슬리브 티셔츠 (레드),sinkingdeeper,COTTON 100%,값없음,값없음,값없음,"정상가 49,000 원 쿠폰적용가 할인내역 25,137 원 48%",값없음,//product-image.wconcept.co.kr/productimg/image/img0/75/303703575_WD40483.jpg
링클드 롱 슬리브 티셔츠 (블루),sinkingdeeper,COTTON 100%,값없음,값없음,값없음,"정상가 49,000 원 쿠폰적용가 할인내역 25,137 원 48%",값없음,//product-image.wconcept.co.kr/productimg/image/img0/75/303704075_YN99232.jpg
[SET] 앨빈클로 WARMDAY 곰돌이 오버핏 맨투맨 코튼 밴딩 스웨트 반바지 셋업,alvinclo,면,값없음,값없음,값없음,"정상가 69,800 원 쿠폰적용가 할인내역 42,579 원 39%",값없음,//product-image.wconcept.co.kr/productimg/image/img0/93/303704893_LR37104.jpg
[SET] 앨빈클로 카모마일 오버핏 후드티 코튼 밴딩 스웨트 반바지 셋업,alvinclo,면,값없음,값없음,값없음,"정상가 72,800 원 쿠폰적용가 할인내역 45,144 원 37%",값없음,//product-image.wconcept.co.kr/productimg/image/img0/34/303705534_OB34141.jpg
Unbalanced Crop Sweatshirt - Pink,LESEIZIEME,COTTON 100%,값없음,값없음,값없음,"정상가 108,000 원 쿠폰적용가 할인내역 50,274 원 53%",값없음,//product-image.wconcept.co.kr/productimg/image/img0/20/303707420_IG16391.jpg
아카릿 3320 브이넥 다크그레이 스웨트셔츠,MAGOODGAN,상세 설명 참조,값없음,값없음,값없음,"정상가 68,000 원 쿠폰적용가 할인내역 31,008 원 54%",값없음,//product-image.wconcept.co.kr/productimg/image/img0/22/303707922_KP89331.jpg
아카릿 3320 브이넥 스톤 스웨트셔츠,MAGOODGAN,상세 설명 참조,값없음,값없음,값없음,"정상가 68,000 원 쿠폰적용가 할인내역 31,008 원 54%",값없음,//product-image.wconcept.co.kr/productimg/image/img0/95/303707995_AO55452.jpg
아카릿 3320 브이넥 그레이시블루 스웨트셔츠,MAGOODGAN,상세 설명 참조,값없음,값없음,값없음,"정상가 68,000 원 쿠폰적용가 할인내역 31,008 원 54%",값없음,//product-image.wconcept.co.kr/productimg/image/img0/04/303708004_XK63546.jpg
Unbalanced Crop Sweatshirt - Cream,LESEIZIEME,COTTON 100%,값없음,값없음,값없음,"정상가 108,000 원 쿠폰적용가 할인내역 50,274 원 53%",값없음,//product-image.wconcept.co.kr/productimg/image/img0/06/303708006_HK59093.jpg
울 하프넥 탑_4color,FACADE PATTERN,Wool 28% Tencel 66% Span 6%,값없음,값없음,값없음,"정상가 68,000 원",값없음,//product-image.wconcept.co.kr/productimg/image/img0/34/303708934_HI10457.jpg
TLQKF OVERSIZED T-SHIRT,C Wear by the Genius,COTTON 100,값없음,값없음,값없음,"정상가 38,000 원 쿠폰적용가 할인내역 32,490 원 14%",세탁방법 및 주의사항,//product-image.wconcept.co.kr/productimg/image/img0/52/303718152_RD57228.jpg
TLQKF CROP T-SHIRT,C Wear by the Genius,COTTON 100,값없음,값없음,값없음,"정상가 33,000 원 쿠폰적용가 할인내역 28,215 원 14%",세탁방법 및 주의사항,//product-image.wconcept.co.kr/productimg/image/img0/30/303718730_OB13755.jpg
이너선스 후드 블랙 JYHD3530,TWN,Cotton 72% + Polyester 28%,값없음,값없음,값없음,"정상가 57,100 원 할인적용가 할인내역 43,900 원 23%",값없음,//product-image.wconcept.co.kr/productimg/image/img0/16/303725316_GG79450.jpg
이너선스 후드 와인 JYHD3530,TWN,Cotton 72% + Polyester 28%,값없음,값없음,값없음,"정상가 57,100 원 할인적용가 할인내역 43,900 원 23%",값없음,//product-image.wconcept.co.kr/productimg/image/img0/17/303725317_GG65843.jpg
이너선스 후드 화이트오트밀 JYHD3530,TWN,Cotton 72% + Polyester 28%,값없음,값없음,값없음,"정상가 57,100 원 할인적용가 할인내역 43,900 원 23%",값없음,//product-image.wconcept.co.kr/productimg/image/img0/18/303725318_GG19510.jpg
리에이브 맨투맨 브라운 HHMT3527,TWN,Cotton 72% + Polyester 28%,값없음,값없음,값없음,"정상가 50,600 원 할인적용가 할인내역 38,900 원 23%",값없음,//product-image.wconcept.co.kr/productimg/image/img0/20/303725320_IK70499.jpg
리에이브 맨투맨 화이트오트밀 HHMT3527,TWN,Cotton 72% + Polyester 28%,값없음,값없음,값없음,"정상가 50,600 원 할인적용가 할인내역 38,900 원 23%",값없음,//product-image.wconcept.co.kr/productimg/image/img0/21/303725321_GG92738.jpg
[패키지] 왓이브 후드 6종 HHHD3472 + 플라워베리 후드 3종 JYHD3475 2PACK,TWN,Cotton 72% + Polyester 28%,값없음,값없음,값없음,"정상가 114,200 원 할인적용가 할인내역 75,400 원 33%",값없음,//product-image.wconcept.co.kr/productimg/image/img0/26/303725326_HH44674.jpg
울 크롭 탑,INSTANTFUNK,"블루 SHELL : POLYESTER 80%, ACRYLIC 9%, RAYON 3%, NYLON 3%, WOOL 3%, COTTON 2%, LINING : POLYESTER 1",값없음,값없음,값없음,"정상가 132,000 원 쿠폰적용가 할인내역 70,224 원 46%",값없음,//product-image.wconcept.co.kr/productimg/image/img0/33/303725833_VA54406.jpg
브이넥 카라 벨벳 티셔츠,INSTANTFUNK,"네이비 SHELL1 : POLYESTER 91%, POLYURETHANE 9%, SHELL2 : POLYESTER 91%, POLYURETHANE 9%핑크 SHELL1",값없음,값없음,값없음,"정상가 82,000 원 쿠폰적용가 할인내역 43,624 원 46%",값없음,//product-image.wconcept.co.kr/productimg/image/img0/36/303725836_FS60794.jpg
[23FW] 빔바이롤라 비쉬 체크 리퀴드 티셔츠 B236AWT001BEB,BIMBA Y LOLA,"겉감 : 레이온95%, 폴리우레탄 5%",값없음,값없음,값없음,"정상가 158,000 원 쿠폰적용가 할인내역 63,042 원 60%",값없음,//product-image.wconcept.co.kr/productimg/image/img0/99/303726499_OH10464.jpg
Lossy  1984 Handstitch Sweatshirt_beige,LOSSYROW,cotton 100%,값없음,값없음,값없음,"정상가 72,000 원 쿠폰적용가 할인내역 43,776 원 39%",값없음,//product-image.wconcept.co.kr/productimg/image/img0/74/303726574_TV89344.jpg
Lossy  1984 Handstitch Sweatshirt_charcoal,LOSSYROW,cotton 100%,값없음,값없음,값없음,"정상가 72,000 원 쿠폰적용가 할인내역 43,776 원 39%",값없음,//product-image.wconcept.co.kr/productimg/image/img0/80/303726580_DM68814.jpg
Lossy  Line Point V-Neck Sweatshirt_black,LOSSYROW,cotton100%,값없음,값없음,값없음,"정상가 69,000 원 쿠폰적용가 할인내역 41,952 원 39%",값없음,//product-image.wconcept.co.kr/productimg/image/img0/53/303726653_TW73290.jpg
Lossy  Line Point V-Neck Sweatshirt_pink,LOSSYROW,cotton 100%,값없음,값없음,값없음,"정상가 69,000 원 쿠폰적용가 할인내역 41,952 원 39%",값없음,//product-image.wconcept.co.kr/productimg/image/img0/83/303726683_JN93104.jpg
기린 터틀넥 (5컬러),WHEN WE WILL,상세이미지 참조,값없음,값없음,값없음,"정상가 34,000 원 쿠폰적용가 할인내역 29,070 원 14%",값없음,//product-image.wconcept.co.kr/productimg/image/img0/16/303726716_MN86294.jpg
기린 라운드 티셔츠 (5컬러),WHEN WE WILL,상세이미지 참조,값없음,값없음,값없음,"정상가 32,000 원 쿠폰적용가 할인내역 27,360 원 14%",값없음,//product-image.wconcept.co.kr/productimg/image/img0/17/303726717_GG15659.jpg
Line Wool T-shirt [Black],MUARMUS,Woo1 90% Nylon 10%,값없음,값없음,값없음,"정상가 58,000 원 쿠폰적용가 할인내역 34,713 원 40%",값없음,//product-image.wconcept.co.kr/productimg/image/img0/70/303726770_QB54882.jpg
Line Wool T-shirt [Red],MUARMUS,Woo1 90% Nylon 10%,값없음,값없음,값없음,"정상가 58,000 원 쿠폰적용가 할인내역 34,713 원 40%",값없음,//product-image.wconcept.co.kr/productimg/image/img0/71/303726771_FG48898.jpg
[UNISEX]휴먼 퍼피 워크 백로고 맨투맨_그레이,GRAVER,"Cotton 60%, Polyester 40% (텐타덤블 가공)",값없음,값없음,값없음,"정상가 67,000 원 쿠폰적용가 할인내역 35,644 원 46%",값없음,//product-image.wconcept.co.kr/productimg/image/img0/15/303726815_SY29494.jpg
[UNISEX]휴먼 퍼피 워크 백로고 맨투맨_크림,GRAVER,"Cotton 60%, Polyester 40% (텐타덤블 가공)",값없음,값없음,값없음,"정상가 67,000 원 쿠폰적용가 할인내역 35,644 원 46%",값없음,//product-image.wconcept.co.kr/productimg/image/img0/16/303726816_NI20390.jpg
[UNISEX]휴먼 퍼피 워크 백로고 맨투맨_3color,GRAVER,"Cotton 60%, Polyester 40% (텐타덤블 가공)",값없음,값없음,값없음,"정상가 67,000 원 쿠폰적용가 할인내역 35,644 원 46%",값없음,//product-image.wconcept.co.kr/productimg/image/img0/19/303726819_XM68434.jpg
Lossy   Something Sweatshirt_gray,LOSSYROW,cotton 100%,값없음,값없음,값없음,"정상가 66,000 원 쿠폰적용가 할인내역 40,128 원 39%",값없음,//product-image.wconcept.co.kr/productimg/image/img0/20/303726920_TS30666.jpg
Lossy  Something Sweatshirt_oatmeal,LOSSYROW,cotton 100%,값없음,값없음,값없음,"정상가 66,000 원 쿠폰적용가 할인내역 40,128 원 39%",값없음,//product-image.wconcept.co.kr/productimg/image/img0/89/303727389_CB88643.jpg
Lossy  hand-stitch hoodie_gray,LOSSYROW,cotton 100%,값없음,값없음,값없음,"정상가 73,000 원 쿠폰적용가 할인내역 44,384 원 39%",값없음,//product-image.wconcept.co.kr/productimg/image/img0/46/303727446_SK32480.jpg
WOMEN 오버핏 빈티지 하트 그래픽 스웨트셔츠 [오트밀] 맨투맨 ver.,KOLEAT,COTTON 100%,값없음,값없음,값없음,"정상가 58,000 원 쿠폰적용가 할인내역 42,151 원 27%",값없음,//product-image.wconcept.co.kr/productimg/image/img0/81/303727481_GH92612.jpg
Line Wool T-shirt [Beige],MUARMUS,Woo1 90% Nylon 10%,값없음,값없음,값없음,"정상가 58,000 원 쿠폰적용가 할인내역 34,713 원 40%",값없음,//product-image.wconcept.co.kr/productimg/image/img0/97/303727497_BA60110.jpg
MUSIC NOTE FRILL TOP / IVORY,CERRIC,56% POLYESTER 14% WOOL,값없음,값없음,값없음,"정상가 148,000 원 할인적용가 할인내역 103,600 원 30%",값없음,//product-image.wconcept.co.kr/productimg/image/img0/90/303727990_GN16546.jpg
CLASSIC HARP TOP / GRAY,CERRIC,100% COTTON,값없음,값없음,값없음,"정상가 68,000 원 할인적용가 할인내역 47,600 원 30%",값없음,//product-image.wconcept.co.kr/productimg/image/img0/05/303728005_HG56225.jpg
CLASSICAL BROWN PRINT TOP / YELLOW,CERRIC,55% COTTON 40% MODAL 5% SPAN,값없음,값없음,값없음,"정상가 54,000 원 할인적용가 할인내역 37,800 원 30%",값없음,//product-image.wconcept.co.kr/productimg/image/img0/28/303728028_GG10365.jpg
HEART BOAT NECK TOP / IVORY,CERRIC,68% COTTON 32% POLYESTER,값없음,값없음,값없음,"정상가 69,000 원",값없음,//product-image.wconcept.co.kr/productimg/image/img0/48/303728048_MG12796.jpg
Essential Color Turtleneck TShirts  Mocha Brown(KE3940M01C) (KE3940M01C),kuho plus,값없음,가슴둘레:83; 밑단둘레:86; 소매길이:62; 소매통너비:13; 어깨너비:34; 옷길이:59,값없음,값없음,"정상가 79,000 원 쿠폰적용가 할인내역 71,100 원 10%","■  NOTICE■  ABOUT부드러운 스판 저지 소재의 에센셜 터틀넥 티셔츠입니다. 부드러운 촉감의 얇은 골지 소재를 사용하여 날씬한 아웃핏과 함께 편안한 착용감을 선사합니다. 넥 라인의 시그니처 자수와 소매의 트임으로 포인트를 더하였습니다. 아우터 안에 착용하거나 원피스나 니트 등의 아이템과 레이어드하여 코디하기 좋은 활용도 높은 아이템입니다.■  구  성티셔츠■  색상갈색(앤틱골드)■ 사이즈F(하단의 사이즈조견표 참조)레귤러핏■ 소재겉감: 레이온 97%, 폴리우레탄 3%.■ 세탁법이 제품은 반드시 세탁전문점에서 드라이클리닝하십시오. 연한 색상의 제품은 반드시 깨끗한 용제로 드라이클리닝하십시오. 드라이클리닝 시 단추와 액세서리는 반드시 은박지를 씌우십시오. 물에 젖거나 땀이 많이 묻으면 이염, 변색, 탈색될 수 있으니 신속히 세탁하십시오. 마찰에 의해 올 뜯김, 보푸라기가 발생할 수 있으므로 주의하십시오.",//product-image.wconcept.co.kr/productimg/image/img0/68/303728168_SQ93088.jpg
FRONT SHIRRING TOP / BLACK,CERRIC,66.5% TENCEL 28.5% WOOL 5% SPAN,값없음,값없음,값없음,"정상가 89,000 원 할인적용가 할인내역 62,300 원 30%",값없음,//product-image.wconcept.co.kr/productimg/image/img0/14/303728214_GG77554.jpg
FRONT SHIRRING TOP / BEIGE,CERRIC,66.5% TENCEL 28.5% WOOL 5% SPAN,값없음,값없음,값없음,"정상가 89,000 원 할인적용가 할인내역 62,300 원 30%",값없음,//product-image.wconcept.co.kr/productimg/image/img0/17/303728217_LM20376.jpg
BACK-OPEN WRAP TOP / ORANGE,CERRIC,66.5% TENCEL 28.5% WOOL 5% SPAN,값없음,값없음,값없음,"정상가 109,000 원 할인적용가 할인내역 76,300 원 30%",값없음,//product-image.wconcept.co.kr/productimg/image/img0/23/303728223_GK11053.jpg
HARP SWEATSHIRT / GRAY,CERRIC,(SHELL1) 100% COTTON (SHELL2) 95% COTTON 5% SPAN,값없음,값없음,값없음,"정상가 158,000 원 할인적용가 할인내역 94,800 원 40%",값없음,//product-image.wconcept.co.kr/productimg/image/img0/29/303728229_LH23094.jpg
HARP SWEATSHIRT / BLACK,CERRIC,(SHELL1) 100% COTTON (SHELL2) 95% COTTON 5% SPAN,값없음,값없음,값없음,"정상가 158,000 원 할인적용가 할인내역 110,600 원 30%",값없음,//product-image.wconcept.co.kr/productimg/image/img0/32/303728232_HG13600.jpg
Line Point Crop Sweatshirt  Mint (KE3940M03L),kuho plus,값없음,가슴둘레:105.5; 밑단둘레:80; 소매길이:55.5; 소매통너비:47; 어깨너비:49; 옷길이:43,값없음,값없음,"정상가 139,000 원 쿠폰적용가 할인내역 125,100 원 10%","■  NOTICE■  ABOUT캐주얼하면서도 페미닌한 무드를 연출해 주는 스웨트셔츠입니다. 고밀도의 부드러운 기모 원단을 사용하여 뛰어난 보온성과 함께 고급스러운 멋을 선사합니다. 넥라인 아래에 시그니처 자수로 포인트를 더하였습니다. 데님 팬츠, 스커트 등 다양한 하의와 매치하기 쉬운 시즌 필수 아이템입니다.■  구  성티셔츠■  색상연두색■ 사이즈F(하단의 사이즈조견표 참조)세미오버핏■ 소재<외피> 겉감: 면 58%, 폴리에스터 42%. 배색: 면 96%, 폴리우레탄 4%.■ 세탁법이 제품은 반드시 세탁전문점에서 드라이클리닝하십시오. 연한 색상의 제품은 반드시 깨끗한 용제로 드라이클리닝하십시오. 드라이클리닝 시 단추와 액세서리는 반드시 은박지를 씌우십시오. 물에 젖거나 땀이 많이 묻으면 이염, 변색, 탈색될 수 있으니 신속히 세탁하십시오. 마찰에 의해 올 뜯김, 보푸라기가 발생할 수 있으므로 주의하십시오.",//product-image.wconcept.co.kr/productimg/image/img0/91/303728291_EW50688.jpg
Round Hem CutOut Hoodie  Black (KE3940M045),kuho plus,값없음,가슴둘레:90; 밑단둘레:80; 소매길이:60; 소매통너비:18; 어깨너비:39; 옷길이:45,값없음,값없음,"정상가 159,000 원 쿠폰적용가 할인내역 143,100 원 10%","■  NOTICE■  ABOUT슬림한 핏과 컷아웃 디테일이 매력적인 스웨트셔츠입니다. 경쾌한 기장에 어깨의 컷아웃 디테일이 세련된 무드를 선사합니다. 신축성 있는 기모 원단을 사용하여 뛰어난 보온성과 함께 편안한 착용감을 제공합니다. 후드를 지녀 실용적인 캐주얼룩을 연출할 수 있습니다.■  구  성티셔츠■  색상검정색■ 사이즈001,002(하단의 사이즈조견표 참조)슬림핏■ 소재<외피> 겉감: 면 56%, 폴리에스터 44%.■ 세탁법이 제품은 반드시 세탁전문점에서 드라이클리닝하십시오. 연한 색상의 제품은 반드시 깨끗한 용제로 드라이클리닝하십시오. 드라이클리닝 시 단추와 액세서리는 반드시 은박지를 씌우십시오. 물에 젖거나 땀이 많이 묻으면 이염, 변색, 탈색될 수 있으니 신속히 세탁하십시오. 마찰에 의해 올 뜯김, 보푸라기가 발생할 수 있으므로 주의하십시오.",//product-image.wconcept.co.kr/productimg/image/img0/93/303728293_AS41241.jpg
Lettering Jersey Collar Tee (Sky blue),GREENBUTTER,SHELL 1 POLYESTER 95% SPAN 5%  SHELL 2  COTTON 80% POLYESTER 20%  SHELL 3 POLYESTER 94% SPAN 6%,값없음,값없음,값없음,"정상가 69,000 원 쿠폰적용가 할인내역 52,440 원 24%",값없음,//product-image.wconcept.co.kr/productimg/image/img0/98/303728298_AV38387.jpg
뒤란 벨벳 하이넥 후드 티셔츠 DTF3W-4127 2colors,DURAN,폴리에스터90% 폴리우레탄10%,값없음,값없음,값없음,"정상가 78,000 원 쿠폰적용가 할인내역 37,050 원 52%",값없음,//product-image.wconcept.co.kr/productimg/image/img0/34/303728334_HG22983.jpg
Lossy  Layered long-sleeved T-shirt_black,LOSSYROW,tetron62% rayon33%  span5%,값없음,값없음,값없음,"정상가 39,000 원 쿠폰적용가 할인내역 23,712 원 39%",값없음,//product-image.wconcept.co.kr/productimg/image/img0/86/303728486_GW38023.jpg
[1+1] Lossy  Layered long-sleeved T-shirt,LOSSYROW,tetron62% rayon33%  span5%,값없음,값없음,값없음,"정상가 78,000 원 쿠폰적용가 할인내역 29,640 원 62%",값없음,//product-image.wconcept.co.kr/productimg/image/img0/39/303729839_IB36162.jpg
Organic Football Tee (Brown),GREENBUTTER,SHELL 1 COTTON 100%  SHELL 2  POLYESTER 98% POLYURETHAN 2%,값없음,값없음,값없음,"정상가 59,000 원 쿠폰적용가 할인내역 44,840 원 24%",값없음,//product-image.wconcept.co.kr/productimg/image/img0/18/303731318_IW60982.jpg
Organic Football Tee (Navy),GREENBUTTER,SHELL 1 COTTON 100%  SHELL 2  POLYESTER 98% POLYURETHAN 2%,값없음,값없음,값없음,"정상가 59,000 원 쿠폰적용가 할인내역 44,840 원 24%",값없음,//product-image.wconcept.co.kr/productimg/image/img0/87/303731387_AY20611.jpg
Organic Football Tee (Ivory),GREENBUTTER,SHELL 1 COTTON 100%  SHELL 2  POLYESTER 98% POLYURETHAN 2%,값없음,값없음,값없음,"정상가 59,000 원 쿠폰적용가 할인내역 44,840 원 24%",값없음,//product-image.wconcept.co.kr/productimg/image/img0/93/303731393_KP82853.jpg
Line Raglan Lettering Tee (Red),GREENBUTTER,SHELL 1  COTTON 40%   MODAL 27% POLYESTER 33%  SHELL 2 POLYESTER 55%  COTTON 45%,값없음,값없음,값없음,"정상가 59,000 원 쿠폰적용가 할인내역 44,840 원 24%",값없음,//product-image.wconcept.co.kr/productimg/image/img0/41/303731441_II50372.jpg
24FW 기능성 웜 스판 라운드 화이트 티셔츠,DOYOUKNOWMC,폴리에스테르:92% 폴리우레탄:8%,값없음,값없음,값없음,"정상가 83,000 원 쿠폰적용가 할인내역 38,950 원 53%",값없음,//product-image.wconcept.co.kr/productimg/image/img0/42/303733242_WP25171.jpg
24FW 기능성 웜 스판 라운드 아이보리 티셔츠,DOYOUKNOWMC,폴리에스테르:92% 폴리우레탄:8%,값없음,값없음,값없음,"정상가 83,000 원 쿠폰적용가 할인내역 38,950 원 53%",값없음,//product-image.wconcept.co.kr/productimg/image/img0/49/303733249_GB43505.jpg
24FW 기능성 웜 스판 라운드 블랙 티셔츠,DOYOUKNOWMC,폴리에스테르:92% 폴리우레탄:8%,값없음,값없음,값없음,"정상가 83,000 원 쿠폰적용가 할인내역 38,950 원 53%",값없음,//product-image.wconcept.co.kr/productimg/image/img0/54/303733254_FV36289.jpg
24FW  플랫 카라 헤리 배색 와플 블랙 스트라이프 티셔츠,DOYOUKNOWMC,면:70% 폴리에스테르:25% 폴리우레탄:5%,값없음,값없음,값없음,"정상가 125,000 원 쿠폰적용가 할인내역 51,300 원 58%",값없음,//product-image.wconcept.co.kr/productimg/image/img0/31/303733331_WA48891.jpg
24FW 기능성 웜 스판 모크 넥 화이트 티셔츠,DOYOUKNOWMC,폴리에스테르:92% 폴리우레탄:8%,값없음,값없음,값없음,"정상가 89,000 원 쿠폰적용가 할인내역 39,900 원 55%",값없음,//product-image.wconcept.co.kr/productimg/image/img0/38/303733338_AA41401.jpg
24FW 기능성 웜 스판 모크 넥 크림 베이지 티셔츠,DOYOUKNOWMC,폴리에스테르:92% 폴리우레탄:8%,값없음,값없음,값없음,"정상가 89,000 원 쿠폰적용가 할인내역 39,900 원 55%",값없음,//product-image.wconcept.co.kr/productimg/image/img0/42/303733342_MS66560.jpg
24FW 기능성 웜 스판 모크 넥 코코아 베이지 티셔츠,DOYOUKNOWMC,폴리에스테르:92% 폴리우레탄:8%,값없음,값없음,값없음,"정상가 89,000 원 쿠폰적용가 할인내역 39,900 원 55%",값없음,//product-image.wconcept.co.kr/productimg/image/img0/48/303733348_PX34462.jpg
24FW 기능성 웜 스판 모크 넥 소프트 옐로우 티셔츠,DOYOUKNOWMC,폴리에스테르:92% 폴리우레탄:8%,값없음,값없음,값없음,"정상가 89,000 원 쿠폰적용가 할인내역 39,900 원 55%",값없음,//product-image.wconcept.co.kr/productimg/image/img0/91/303733391_DR74302.jpg
24FW 기능성 웜 스판 모크 넥 소프트 그린 티셔츠,DOYOUKNOWMC,폴리에스테르:92% 폴리우레탄:8%,값없음,값없음,값없음,"정상가 89,000 원 쿠폰적용가 할인내역 39,900 원 55%",값없음,//product-image.wconcept.co.kr/productimg/image/img0/93/303733393_GG97222.jpg
23FW 보우 타이 카라 리본장식 화이트 티셔츠,DOYOUKNOWMC,폴리에스테르:91% 폴리우레탄:9%,값없음,값없음,값없음,"정상가 169,000 원 쿠폰적용가 할인내역 82,650 원 51%",값없음,//product-image.wconcept.co.kr/productimg/image/img0/94/303733394_LD26413.jpg
23FW 보우 타이 카라 리본장식 블랙 티셔츠,DOYOUKNOWMC,폴리에스테르:91% 폴리우레탄:9%,값없음,값없음,값없음,"정상가 169,000 원 쿠폰적용가 할인내역 82,650 원 51%",값없음,//product-image.wconcept.co.kr/productimg/image/img0/96/303733396_SO49879.jpg
24FW 셔츠 카라 밴딩 화이트 스웨트 셔츠,DOYOUKNOWMC,폴리에스테르:92% 폴리우레탄:8%,값없음,값없음,값없음,"정상가 189,000 원 쿠폰적용가 할인내역 84,550 원 55%",값없음,//product-image.wconcept.co.kr/productimg/image/img0/97/303733397_WG10028.jpg
24FW 셔츠 카라 밴딩 블랙 스웨트 셔츠,DOYOUKNOWMC,폴리에스테르:92% 폴리우레탄:8%,값없음,값없음,값없음,"정상가 189,000 원 쿠폰적용가 할인내역 84,550 원 55%",값없음,//product-image.wconcept.co.kr/productimg/image/img0/98/303733398_CH53786.jpg
Double shirt layered sweatshirt - Black Stripe,Et demain,[SHELL] BODY 1 - Cotton 100%  / BODY 2 - Cotton 64% Nylon 32% Span 4% / BODY 3 - Polyester 97% Span,값없음,값없음,값없음,"정상가 165,000 원 쿠폰적용가 할인내역 141,075 원 14%",값없음,//product-image.wconcept.co.kr/productimg/image/img0/56/303737556_QQ85332.jpg
우먼즈 크롭 서클 로고 엠보 르 리스 헤비테리 맨투맨 핑크(FCD3TS701W),FABULOUS ARCHIVE,면 100%,값없음,값없음,값없음,"정상가 79,000 원 쿠폰적용가 할인내역 54,036 원 31%",값없음,//product-image.wconcept.co.kr/productimg/image/img0/58/303737758_JG20836.jpg
우먼즈 크롭 서클 로고 엠보 르 리스 헤비테리 맨투맨 네이비크림(FCD3TS701W),FABULOUS ARCHIVE,면 100%,값없음,값없음,값없음,"정상가 79,000 원 쿠폰적용가 할인내역 54,036 원 31%",값없음,//product-image.wconcept.co.kr/productimg/image/img0/59/303737759_GG23550.jpg
